RelName, #Attributes, #Records, FirstBlock, LastBlock, #Slots
RELATIONCAT, 6.000000 , 5.000000 , 4.000000 , 4.000000 , 20.000000 
ATTRIBUTECAT, 6.000000 , 23.000000 , 5.000000 , 8.000000 , 20.000000 
target2, 2.000000 , 20.000000 , 7.000000 , 7.000000 , 61.000000 
target3, 6.000000 , 6.000000 , 9.000000 , 9.000000 , 20.000000 
target4, 3.000000 , 21.000000 , 12.000000 , 12.000000 , 41.000000 
