RelName, #Attributes, #Records, FirstBlock, LastBlock, #Slots
RELATIONCAT, 6.000000 , 8.000000 , 4.000000 , 4.000000 , 20.000000 
ATTRIBUTECAT, 6.000000 , 29.000000 , 5.000000 , 6.000000 , 20.000000 
new, 2.000000 , 0.000000 , -1.000000 , -1.000000 , 61.000000 
new1, 3.000000 , 0.000000 , -1.000000 , -1.000000 , 41.000000 
new2, 3.000000 , 0.000000 , -1.000000 , -1.000000 , 41.000000 
new3, 3.000000 , 0.000000 , -1.000000 , -1.000000 , 41.000000 
new4, 3.000000 , 0.000000 , -1.000000 , -1.000000 , 41.000000 
new5, 3.000000 , 0.000000 , -1.000000 , -1.000000 , 41.000000 
