name, age
Johannes, 19.000000 
Johannes, 19.000000 
Van Gogh, 17.000000 
Van Gogh, 17.000000 
