id,Test1,Test2,Final,Grade
9.000000,48.000000,42.100000,97.000000,A
21.000000,34.545455,13.300000,50.391608,A
49.000000,9.600000,43.300000,46.475524,A
65.000000,13.163636,52.900000,44.237762,A
37.000000,20.290909,37.300000,48.153846,A
40.000000,17.618182,30.100000,47.734266,B
72.000000,6.927273,57.100000,43.258741,B
68.000000,10.490909,54.700000,43.818182,B
69.000000,9.600000,55.300000,43.678322,B
60.000000,17.618182,49.900000,44.937063,B
64.000000,14.054545,52.300000,44.377622,B
