id,Test1,Test2,Final,Grade
40.000000,17.618182,30.100000,47.734266,B
72.000000,6.927273,57.100000,43.258741,B
68.000000,10.490909,54.700000,43.818182,B
69.000000,9.600000,55.300000,43.678322,B
60.000000,17.618182,49.900000,44.937063,B
64.000000,14.054545,52.300000,44.377622,B
