id,First_Name,Last_Name,Height,Weight,Age
45.000000,Brian,Anderson,74.000000,205.000000,24.970000
71.000000,Mike,Napoli,72.000000,205.000000,25.330000
