id,First_Name,Last_Name,Height,Weight,Age
34.000000,Chris,Ray,75.000000,200.000000,25.130000
43.000000,Josh,Fields,73.000000,215.000000,24.210000
45.000000,Brian,Anderson,74.000000,205.000000,24.970000
54.000000,Charlie,Haeger,73.000000,200.000000,23.450000
55.000000,Heath,Phillips,75.000000,200.000000,24.940000
65.000000,Bobby,Jenks,75.000000,270.000000,25.960000
71.000000,Mike,Napoli,72.000000,205.000000,25.330000
72.000000,Casey,Kotchman,75.000000,210.000000,24.020000
