name,marks,final_grade,reward
Mark,80.000000,A,500.000000
Alex,75.000000,B,400.000000
George,95.000000,S,1000.000000
Jack,78.000000,B,400.000000
Mike,88.000000,A,500.000000
Luke,90.000000,S,1000.000000
Steve,56.000000,D,200.000000
Sara,100.000000,S,1000.000000
Catherine,65.000000,C,300.000000
Stacey,40.000000,E,100.000000
