RelName,#Attributes,#Records,FirstBlock,LastBlock,#Slots
RELATIONCAT,6.000000,6.000000,4.000000,9.000000,20.000000
ATTRIBUTECAT,6.000000,-17.000000,5.000000,10.000000,20.000000
new19,5.000000,0.000000,-1.000000,-1.000000,24.000000
new20,5.000000,0.000000,-1.000000,-1.000000,24.000000
new21,5.000000,0.000000,-1.000000,-1.000000,24.000000
new22,5.000000,0.000000,-1.000000,-1.000000,24.000000
