RelName, #Attributes, #Records, FirstBlock, LastBlock, #Slots
RELATIONCAT, 6.000000 , 3.000000 , 4.000000 , 4.000000 , 20.000000 
ATTRIBUTECAT, 6.000000 , 14.000000 , 5.000000 , 5.000000 , 20.000000 
new, 2.000000 , 0.000000 , -1.000000 , -1.000000 , 61.000000 
