RelName,#Attributes,#Records,FirstBlock,LastBlock,#Slots
RELATIONCAT,6.000000,5.000000,4.000000,4.000000,20.000000
ATTRIBUTECAT,6.000000,30.000000,5.000000,15.000000,20.000000
health3,6.000000,72.000000,6.000000,9.000000,20.000000
health3_unhealt,6.000000,8.000000,14.000000,14.000000,20.000000
health3_wt_equa,6.000000,2.000000,16.000000,16.000000,20.000000
