RelName,#Attributes,#Records,FirstBlock,LastBlock,#Slots
RELATIONCAT,6.000000,2.000000,4.000000,4.000000,20.000000
ATTRIBUTECAT,6.000000,12.000000,5.000000,5.000000,20.000000
