userID, age
abc, 10.100000 
xyz, 20.100000 
